{"cameraMode":{"drawMode":0,"name":"Shaded","section":"Shading Mode"},"sceneLighting":true,"audioPlay":false,"sceneViewState":{"m_AlwaysRefresh":false,"showFog":true,"showSkybox":true,"showFlares":true,"showImageEffects":true,"showParticleSystems":true,"showVisualEffectGraphs":true,"m_FxEnabled":true},"in2DMode":false,"pivot":{"x":1.804121732711792,"y":-0.04302412271499634,"z":-6.547088623046875},"rotation":{"x":0.03152952715754509,"y":0.9652962684631348,"z":-0.2188098281621933,"w":0.13908535242080689},"size":4.2975263595581059,"orthographic":false}